-- Backup do banco de dados: erp_pizzaria
-- Data: 2025-09-19T13:10:45.528Z
-- Gerado por: Sistema de Backup Simplificado


-- Tabela: admin_settings
DROP TABLE IF EXISTS admin_settings CASCADE;
INSERT INTO admin_settings (id, key, value, description, created_at, updated_at) VALUES ('6f98d975-d554-4810-a5cb-23293a1a83a9', 'delivery_fee', 8.5, 'Taxa de entrega padrão', '2025-09-19T13:06:16.760Z', '2025-09-19T13:06:16.760Z');
INSERT INTO admin_settings (id, key, value, description, created_at, updated_at) VALUES ('d4fe0d66-f0cf-4e7a-b012-f3839f93ca3e', 'min_order_value', 25, 'Valor mínimo do pedido', '2025-09-19T13:06:16.768Z', '2025-09-19T13:06:16.768Z');
INSERT INTO admin_settings (id, key, value, description, created_at, updated_at) VALUES ('6f1ba89a-20f8-4e91-8506-6ccd13a3c9bb', 'max_delivery_distance', 10, 'Distância máxima para entrega (km)', '2025-09-19T13:06:16.770Z', '2025-09-19T13:06:16.770Z');
INSERT INTO admin_settings (id, key, value, description, created_at, updated_at) VALUES ('44b933b2-e130-4728-aa62-7d03e9c09961', 'estimated_delivery_time', 45, 'Tempo estimado de entrega (minutos)', '2025-09-19T13:06:16.772Z', '2025-09-19T13:06:16.772Z');
INSERT INTO admin_settings (id, key, value, description, created_at, updated_at) VALUES ('8b676bac-b8eb-4989-a487-943d41f6fb75', 'store_phone', '{"phone":"(11) 3333-4444","whatsapp":"(11) 99999-0000"}', 'Telefones da loja', '2025-09-19T13:06:16.775Z', '2025-09-19T13:06:16.775Z');
INSERT INTO admin_settings (id, key, value, description, created_at, updated_at) VALUES ('f93e0adf-1c2d-41f4-bee6-6c9a8cdc2cdd', 'store_address', '{"city":"São Paulo","state":"SP","street":"Rua das Pizzas, 123","zipcode":"01234-567","neighborhood":"Centro"}', 'Endereço da loja', '2025-09-19T13:06:16.779Z', '2025-09-19T13:06:16.779Z');
INSERT INTO admin_settings (id, key, value, description, created_at, updated_at) VALUES ('b8b59df6-90be-497f-9a69-489e46a00999', 'store_hours', '{"friday":"18:00-00:00","monday":"18:00-23:00","sunday":"18:00-23:00","tuesday":"18:00-23:00","saturday":"18:00-00:00","thursday":"18:00-23:00","wednesday":"18:00-23:00"}', 'Horários de funcionamento', '2025-09-19T13:06:16.781Z', '2025-09-19T13:06:16.781Z');

-- Tabela: categories
DROP TABLE IF EXISTS categories CASCADE;
INSERT INTO categories (id, name, description, active, sort_order, created_at, updated_at, image) VALUES ('a8bd3927-252d-4eac-a114-d1bd349acf0b', 'Pizzas Tradicionais', 'Nossas deliciosas pizzas com receitas tradicionais', true, 1, '2025-09-19T13:06:15.665Z', '2025-09-19T13:06:15.665Z', NULL);
INSERT INTO categories (id, name, description, active, sort_order, created_at, updated_at, image) VALUES ('2b21eef9-1f64-4783-af7b-28bb98da1254', 'Pizzas Especiais', 'Pizzas gourmet com ingredientes especiais', true, 2, '2025-09-19T13:06:15.672Z', '2025-09-19T13:06:15.672Z', NULL);
INSERT INTO categories (id, name, description, active, sort_order, created_at, updated_at, image) VALUES ('40373f58-77e7-4fcd-a2eb-b5771c6aaae5', 'Pizzas Doces', 'Pizzas doces para sobremesa', true, 3, '2025-09-19T13:06:15.674Z', '2025-09-19T13:06:15.674Z', NULL);
INSERT INTO categories (id, name, description, active, sort_order, created_at, updated_at, image) VALUES ('dc7ea076-d38e-45ec-917b-e018ec5500ab', 'Bebidas', 'Refrigerantes, sucos e bebidas geladas', true, 4, '2025-09-19T13:06:15.677Z', '2025-09-19T13:06:15.677Z', NULL);
INSERT INTO categories (id, name, description, active, sort_order, created_at, updated_at, image) VALUES ('6277f7e6-5d21-4507-8a2a-ab2ef834bcbd', 'Sobremesas', 'Doces e sobremesas deliciosas', true, 5, '2025-09-19T13:06:15.679Z', '2025-09-19T13:06:15.679Z', NULL);
INSERT INTO categories (id, name, description, active, sort_order, created_at, updated_at, image) VALUES ('2319a18c-32ad-416d-87ec-69d3379dd458', 'Acompanhamentos', 'Porções e acompanhamentos para sua refeição', true, 6, '2025-09-19T13:06:15.681Z', '2025-09-19T13:06:15.681Z', NULL);

-- Tabela: customer_addresses
DROP TABLE IF EXISTS customer_addresses CASCADE;
INSERT INTO customer_addresses (id, customer_id, street, number, complement, neighborhood, city, state, zip_code, is_default, created_at, updated_at) VALUES ('4a7774e2-5fa5-4e97-9510-686e2d073407', '561dd232-5628-440c-8abb-ea67e15deae8', 'Rua das Flores, 123', NULL, 'Apto 45', 'Centro', 'São Paulo', 'SP', '01234-567', true, '2025-09-19T13:06:16.474Z', '2025-09-19T13:06:16.474Z');
INSERT INTO customer_addresses (id, customer_id, street, number, complement, neighborhood, city, state, zip_code, is_default, created_at, updated_at) VALUES ('0ce965bc-07f5-422d-9155-dbce3b917553', '9f0ab554-efae-44b0-ba86-daf74df50b26', 'Av. Paulista, 1000', NULL, 'Conjunto 12', 'Bela Vista', 'São Paulo', 'SP', '01310-100', true, '2025-09-19T13:06:16.477Z', '2025-09-19T13:06:16.477Z');
INSERT INTO customer_addresses (id, customer_id, street, number, complement, neighborhood, city, state, zip_code, is_default, created_at, updated_at) VALUES ('a4fba8a8-b59c-49dd-be17-4fa248715372', '84a51a13-3ddb-4195-859b-5295a2d2ae17', 'Rua Augusta, 500', NULL, '', 'Consolação', 'São Paulo', 'SP', '01305-000', true, '2025-09-19T13:06:16.478Z', '2025-09-19T13:06:16.478Z');

-- Tabela: customers
DROP TABLE IF EXISTS customers CASCADE;
INSERT INTO customers (id, name, email, phone, customer_code, created_at, updated_at) VALUES ('561dd232-5628-440c-8abb-ea67e15deae8', 'Cliente de Teste', 'cliente@teste.com', '(11) 95555-5555', 'CUST176300', '2025-09-19T13:06:16.300Z', '2025-09-19T13:06:16.300Z');
INSERT INTO customers (id, name, email, phone, customer_code, created_at, updated_at) VALUES ('9f0ab554-efae-44b0-ba86-daf74df50b26', 'Maria Silva', 'maria@teste.com', '(11) 94444-4444', 'CUST176388', '2025-09-19T13:06:16.389Z', '2025-09-19T13:06:16.389Z');
INSERT INTO customers (id, name, email, phone, customer_code, created_at, updated_at) VALUES ('84a51a13-3ddb-4195-859b-5295a2d2ae17', 'João Santos', 'joao@teste.com', '(11) 93333-3333', 'CUST176473', '2025-09-19T13:06:16.473Z', '2025-09-19T13:06:16.473Z');

-- Tabela: order_items
DROP TABLE IF EXISTS order_items CASCADE;

-- Tabela: orders
DROP TABLE IF EXISTS orders CASCADE;

-- Tabela: products
DROP TABLE IF EXISTS products CASCADE;
INSERT INTO products (id, name, description, price, category_id, image, active, has_sizes, has_toppings, preparation_time, sort_order, sizes, toppings, created_at, updated_at) VALUES ('bb3b3592-c402-4e25-9bc6-75a78d499b8d', 'Pizza Margherita', 'Molho de tomate, mussarela, manjericão fresco e azeite', '35.90', 'a8bd3927-252d-4eac-a114-d1bd349acf0b', '/images/pizza-margherita.jpg', true, false, false, 25, NULL, NULL, NULL, '2025-09-19T13:06:15.687Z', '2025-09-19T13:06:15.687Z');
INSERT INTO products (id, name, description, price, category_id, image, active, has_sizes, has_toppings, preparation_time, sort_order, sizes, toppings, created_at, updated_at) VALUES ('f4075b38-7716-43fe-8791-778862468ecd', 'Pizza Calabresa', 'Molho de tomate, mussarela, calabresa e cebola', '38.90', 'a8bd3927-252d-4eac-a114-d1bd349acf0b', '/images/pizza-calabresa.jpg', true, false, false, 25, NULL, NULL, NULL, '2025-09-19T13:06:15.694Z', '2025-09-19T13:06:15.694Z');
INSERT INTO products (id, name, description, price, category_id, image, active, has_sizes, has_toppings, preparation_time, sort_order, sizes, toppings, created_at, updated_at) VALUES ('f31b578a-b29d-4daa-bcf8-e8b26969a9b6', 'Pizza Portuguesa', 'Molho de tomate, mussarela, presunto, ovos, cebola e azeitona', '42.90', 'a8bd3927-252d-4eac-a114-d1bd349acf0b', '/images/pizza-portuguesa.jpg', true, false, false, 30, NULL, NULL, NULL, '2025-09-19T13:06:15.697Z', '2025-09-19T13:06:15.697Z');
INSERT INTO products (id, name, description, price, category_id, image, active, has_sizes, has_toppings, preparation_time, sort_order, sizes, toppings, created_at, updated_at) VALUES ('048ac474-6ef2-4f48-b47b-07d30a6433a2', 'Pizza Quatro Queijos', 'Molho de tomate, mussarela, gorgonzola, parmesão e provolone', '45.90', 'a8bd3927-252d-4eac-a114-d1bd349acf0b', '/images/pizza-quatro-queijos.jpg', true, false, false, 25, NULL, NULL, NULL, '2025-09-19T13:06:15.700Z', '2025-09-19T13:06:15.700Z');
INSERT INTO products (id, name, description, price, category_id, image, active, has_sizes, has_toppings, preparation_time, sort_order, sizes, toppings, created_at, updated_at) VALUES ('17293b63-2347-434b-b2c9-1c3ddee30fed', 'Pizza Salmão', 'Molho branco, mussarela, salmão defumado, alcaparras e dill', '65.90', '2b21eef9-1f64-4783-af7b-28bb98da1254', '/images/pizza-salmao.jpg', true, false, false, 35, NULL, NULL, NULL, '2025-09-19T13:06:15.703Z', '2025-09-19T13:06:15.703Z');
INSERT INTO products (id, name, description, price, category_id, image, active, has_sizes, has_toppings, preparation_time, sort_order, sizes, toppings, created_at, updated_at) VALUES ('8511228b-cbcc-422c-b69b-b04b873c6fb7', 'Pizza Camarão', 'Molho de tomate, mussarela, camarão, catupiry e cebolinha', '58.90', '2b21eef9-1f64-4783-af7b-28bb98da1254', '/images/pizza-camarao.jpg', true, false, false, 35, NULL, NULL, NULL, '2025-09-19T13:06:15.705Z', '2025-09-19T13:06:15.705Z');
INSERT INTO products (id, name, description, price, category_id, image, active, has_sizes, has_toppings, preparation_time, sort_order, sizes, toppings, created_at, updated_at) VALUES ('9ed6f766-249f-4786-b0e5-6a25852a2bca', 'Pizza Rúcula com Tomate Seco', 'Molho branco, mussarela, rúcula, tomate seco e parmesão', '48.90', '2b21eef9-1f64-4783-af7b-28bb98da1254', '/images/pizza-rucula.jpg', true, false, false, 30, NULL, NULL, NULL, '2025-09-19T13:06:15.708Z', '2025-09-19T13:06:15.708Z');
INSERT INTO products (id, name, description, price, category_id, image, active, has_sizes, has_toppings, preparation_time, sort_order, sizes, toppings, created_at, updated_at) VALUES ('c29f04a8-2b41-4751-a381-631ffce9cb4d', 'Pizza Chocolate com Morango', 'Chocolate ao leite, morangos frescos e açúcar de confeiteiro', '39.90', '40373f58-77e7-4fcd-a2eb-b5771c6aaae5', '/images/pizza-chocolate-morango.jpg', true, false, false, 20, NULL, NULL, NULL, '2025-09-19T13:06:15.710Z', '2025-09-19T13:06:15.710Z');
INSERT INTO products (id, name, description, price, category_id, image, active, has_sizes, has_toppings, preparation_time, sort_order, sizes, toppings, created_at, updated_at) VALUES ('98be81c1-38aa-4e27-b5af-0e64b513245d', 'Pizza Banana com Canela', 'Banana, canela, açúcar cristal e leite condensado', '32.90', '40373f58-77e7-4fcd-a2eb-b5771c6aaae5', '/images/pizza-banana.jpg', true, false, false, 20, NULL, NULL, NULL, '2025-09-19T13:06:15.713Z', '2025-09-19T13:06:15.713Z');
INSERT INTO products (id, name, description, price, category_id, image, active, has_sizes, has_toppings, preparation_time, sort_order, sizes, toppings, created_at, updated_at) VALUES ('56b26e48-2744-48a6-b9fe-8cafe5475be1', 'Coca-Cola 350ml', 'Refrigerante Coca-Cola gelado', '5.90', 'dc7ea076-d38e-45ec-917b-e018ec5500ab', '/images/coca-cola.jpg', true, false, false, 0, NULL, NULL, NULL, '2025-09-19T13:06:15.717Z', '2025-09-19T13:06:15.717Z');
INSERT INTO products (id, name, description, price, category_id, image, active, has_sizes, has_toppings, preparation_time, sort_order, sizes, toppings, created_at, updated_at) VALUES ('573f01e8-c8c8-4a52-86b9-7b0bcef3af3e', 'Suco de Laranja 500ml', 'Suco natural de laranja', '8.90', 'dc7ea076-d38e-45ec-917b-e018ec5500ab', '/images/suco-laranja.jpg', true, false, false, 5, NULL, NULL, NULL, '2025-09-19T13:06:15.719Z', '2025-09-19T13:06:15.719Z');
INSERT INTO products (id, name, description, price, category_id, image, active, has_sizes, has_toppings, preparation_time, sort_order, sizes, toppings, created_at, updated_at) VALUES ('b290f2fe-64e0-4e18-98fb-031966e3e9c2', 'Água Mineral 500ml', 'Água mineral sem gás', '3.50', 'dc7ea076-d38e-45ec-917b-e018ec5500ab', '/images/agua-mineral.jpg', true, false, false, 0, NULL, NULL, NULL, '2025-09-19T13:06:15.723Z', '2025-09-19T13:06:15.723Z');
INSERT INTO products (id, name, description, price, category_id, image, active, has_sizes, has_toppings, preparation_time, sort_order, sizes, toppings, created_at, updated_at) VALUES ('6515ccf3-55f5-4237-85d8-d85c25a29283', 'Pudim de Leite', 'Pudim caseiro com calda de caramelo', '12.90', '6277f7e6-5d21-4507-8a2a-ab2ef834bcbd', '/images/pudim.jpg', true, false, false, 5, NULL, NULL, NULL, '2025-09-19T13:06:15.726Z', '2025-09-19T13:06:15.726Z');
INSERT INTO products (id, name, description, price, category_id, image, active, has_sizes, has_toppings, preparation_time, sort_order, sizes, toppings, created_at, updated_at) VALUES ('f2eda1f5-4fa8-407b-b771-a8c33195df3a', 'Brigadeiro Gourmet', 'Brigadeiro artesanal com granulado belga (6 unidades)', '18.90', '6277f7e6-5d21-4507-8a2a-ab2ef834bcbd', '/images/brigadeiro.jpg', true, false, false, 10, NULL, NULL, NULL, '2025-09-19T13:06:15.728Z', '2025-09-19T13:06:15.728Z');
INSERT INTO products (id, name, description, price, category_id, image, active, has_sizes, has_toppings, preparation_time, sort_order, sizes, toppings, created_at, updated_at) VALUES ('7c286705-b65d-44c8-9e6d-6f91c3130f5d', 'Batata Frita', 'Porção de batata frita crocante (400g)', '15.90', '2319a18c-32ad-416d-87ec-69d3379dd458', '/images/batata-frita.jpg', true, false, false, 15, NULL, NULL, NULL, '2025-09-19T13:06:15.731Z', '2025-09-19T13:06:15.731Z');
INSERT INTO products (id, name, description, price, category_id, image, active, has_sizes, has_toppings, preparation_time, sort_order, sizes, toppings, created_at, updated_at) VALUES ('4fb3a74a-bd0d-4e76-b9b3-84f1936b2ec2', 'Pão de Alho', 'Pão de alho gratinado (8 fatias)', '12.90', '2319a18c-32ad-416d-87ec-69d3379dd458', '/images/pao-alho.jpg', true, false, false, 10, NULL, NULL, NULL, '2025-09-19T13:06:15.733Z', '2025-09-19T13:06:15.733Z');

-- Tabela: profiles
DROP TABLE IF EXISTS profiles CASCADE;
INSERT INTO profiles (id, email, full_name, role, password_hash, phone, created_at, updated_at) VALUES ('4babeae4-763e-45df-a395-9251dc97d715', 'admin@erppizzaria.com', 'Administrador do Sistema', 'admin', '$2a$10$sY3wPi.oIboRMs6Z/C.RVe31.2k7RyCU8jER52HTsGzs36EgzQP9a', '(11) 99999-9999', '2025-09-19T13:06:15.845Z', '2025-09-19T13:06:15.845Z');
INSERT INTO profiles (id, email, full_name, role, password_hash, phone, created_at, updated_at) VALUES ('3976141b-cff3-4ec7-bf4a-4e2d4260359b', 'entregador@erppizzaria.com', 'Entregador Principal', 'delivery', '$2a$10$usazU7W3xqsD6ck1cPt3ku6N3.aR7kdNFIOiQT2BQXmDjTBpqt8g.', '(11) 96666-6666', '2025-09-19T13:06:16.210Z', '2025-09-19T13:06:16.210Z');
INSERT INTO profiles (id, email, full_name, role, password_hash, phone, created_at, updated_at) VALUES ('a7305bb3-bef6-40b4-a8f3-ec783dfcd7b5', 'cliente@teste.com', 'Cliente de Teste', 'customer', '$2a$10$ZGmz/tpLPBMjTfINJ279KuWMWL7X3BT69qR.T0XlcST3gOqb/nRRm', '(11) 95555-5555', '2025-09-19T13:06:16.297Z', '2025-09-19T13:06:16.297Z');
INSERT INTO profiles (id, email, full_name, role, password_hash, phone, created_at, updated_at) VALUES ('9d0a3671-8fef-4eb4-af2e-ce58d253ec27', 'maria@teste.com', 'Maria Silva', 'customer', '$2a$10$bNL84YOntOCHWjn2vyBlReqkCKimhQCmxJZ3dWabVdbcRUXYqLOwy', '(11) 94444-4444', '2025-09-19T13:06:16.387Z', '2025-09-19T13:06:16.387Z');
INSERT INTO profiles (id, email, full_name, role, password_hash, phone, created_at, updated_at) VALUES ('0695401d-0049-40da-90c1-a740803d7c9a', 'joao@teste.com', 'João Santos', 'customer', '$2a$10$Cy.pXtdakVkL3gSN7j6TiuHzGauvkmp3J8Gw5VEKDC19OisnD9X0e', '(11) 93333-3333', '2025-09-19T13:06:16.472Z', '2025-09-19T13:06:16.472Z');
